{
  "assetsByChunkName": {
    "component---src-pages-index-js": [
      "component---src-pages-index-js-8455ecec2123234a4d60.js",
      "component---src-pages-index-js-8455ecec2123234a4d60.js.map"
    ],
    "path---": [
      "path----557518bd178906f8d58a.js",
      "path----557518bd178906f8d58a.js.map"
    ],
    "component---src-layouts-index-js": [
      "component---src-layouts-index-js-7e169f19d66fa029f326.js",
      "component---src-layouts-index-js-7e169f19d66fa029f326.js.map"
    ],
    "path---page-2": [
      "path---page-2-a0e39f21c11f6a62c5ab.js",
      "path---page-2-a0e39f21c11f6a62c5ab.js.map"
    ],
    "path---index": [
      "path---index-a0e39f21c11f6a62c5ab.js",
      "path---index-a0e39f21c11f6a62c5ab.js.map"
    ],
    "component---src-pages-404-js": [
      "component---src-pages-404-js-4503918ea3a16cfcdb75.js",
      "component---src-pages-404-js-4503918ea3a16cfcdb75.js.map"
    ],
    "commons": [
      "commons-e1d352329eb25aa6425e.js",
      "build-js-styles.css",
      "commons-e1d352329eb25aa6425e.js.map",
      "build-js-styles.css.map"
    ],
    "path---404-html": [
      "path---404-html-a0e39f21c11f6a62c5ab.js",
      "path---404-html-a0e39f21c11f6a62c5ab.js.map"
    ],
    "component---src-pages-page-2-js": [
      "component---src-pages-page-2-js-65f0147ecb0dc4da2a2b.js",
      "component---src-pages-page-2-js-65f0147ecb0dc4da2a2b.js.map"
    ],
    "app": [
      "app-81c7d06543c53d949a8b.js",
      "build-js-styles.css",
      "app-81c7d06543c53d949a8b.js.map",
      "build-js-styles.css.map"
    ],
    "path---404": [
      "path---404-a0e39f21c11f6a62c5ab.js",
      "path---404-a0e39f21c11f6a62c5ab.js.map"
    ]
  }
}